INSERT INTO gaccidb.anexo (id,caminhos3,nome_arquivo,pessoa_id) VALUES
	 (1,'dymmuurl','Arquivo de texto.txt',1),
	 (2,'dymmuurl','Arquivo de texto.txt',2),
	 (3,'dymmuurl','Arquivo de texto.txt',3),
	 (4,'file','Arquivo de texto.txt',100000);
INSERT INTO gaccidb.endereco (id,bairro,cep,cidade,complemento,estado,numero,rua) VALUES
	 (1,'Jardim Tabapuã (Vila Xavier)','14810222','Araraquara',NULL,'SP','123','Avenida Plínio de Carvalho'),
	 (2,'Vila Cidade Industrial (Vila Xavier)','14810246','Araraquara',NULL,'SP','1234','Rua Ceará'),
	 (3,'Jardim do Bosque','15997126','Matão',NULL,'SP','2839','Rua Otone Corrêa'),
	 (9999,'Centro','01000-000','São Paulo','Apto 12','SP','123','Av. Paulista'),
	 (10000,'Jardins','01400-000','São Paulo','Casa','SP','456','Rua Augusta'),
	 (10001,'Copacabana','22000-000','Rio de Janeiro','Apto 305','RJ','789','Av. Atlântica'),
	 (10002,'Lourdes','30100-000','Belo Horizonte','Cobertura','MG','101','Rua da Bahia'),
	 (10003,'Boa Viagem','51000-000','Recife','Casa','PE','202','Av. Boa Viagem'),
	 (10004,'Asa Sul','70300-000','Brasília','Bloco C','DF','303','SQS 103'),
	 (10005,'Centro','40000-000','Salvador','Prédio Comercial','BA','404','Av. Sete de Setembro');
INSERT INTO gaccidb.endereco (id,bairro,cep,cidade,complemento,estado,numero,rua) VALUES
	 (10006,'Batel','80400-000','Curitiba','Sobrado','PR','505','Av. Batel'),
	 (10007,'Centro','78000-000','Cuiabá','Loja 3','MT','606','Rua Cândido Mariano'),
	 (10008,'Campinas','13000-000','Campinas','Chácara','SP','707','Av. Brasil'),
	 (10009,'Vila Mariana','04100-000','São Paulo','Apto 45','SP','1234','Rua Domingos de Morais'),
	 (10010,'Moema','04000-000','São Paulo','Casa','SP','5678','Alameda dos Anapurus'),
	 (10011,'Leblon','22400-000','Rio de Janeiro','Apto 201','RJ','9101','Rua Dias Ferreira'),
	 (10012,'Savassi','30140-000','Belo Horizonte','Cobertura','MG','1121','Rua Pernambuco'),
	 (10013,'Piedade','50000-000','Recife','Casa','PE','1314','Rua da Piedade'),
	 (10014,'Noroeste','70600-000','Brasília','Bloco B','DF','1516','SQW 105'),
	 (10015,'Barra','40100-000','Salvador','Prédio Comercial','BA','1718','Av. Oceânica');
INSERT INTO gaccidb.endereco (id,bairro,cep,cidade,complemento,estado,numero,rua) VALUES
	 (10016,'Água Verde','80200-000','Curitiba','Sobrado','PR','1920','Rua Petit Carneiro'),
	 (10017,'Centro','78020-000','Cuiabá','Loja 4','MT','2122','Av. Getúlio Vargas'),
	 (10018,'Vila Industrial','13035-000','Campinas','Chácara','SP','2324','Av. João Jorge'),
	 (10019,'Aclimação','01530-000','São Paulo','Kitnet','SP','2526','Rua Muniz de Souza'),
	 (10020,'Recreio','22790-000','Rio de Janeiro','Casa de Praia','RJ','2728','Av. das Américas'),
	 (10021,'Funcionários','30110-000','Belo Horizonte','Prédio Histórico','MG','2930','Rua Maranhão'),
	 (10022,'Graças','52020-000','Recife','Casa Geminada','PE','3132','Rua das Graças'),
	 (10023,'Sudoeste','70670-000','Brasília','Apartamento Duplex','DF','3334','SQSW 104'),
	 (10024,'Stella Maris','41500-000','Salvador','Bangalô','BA','3536','Rua do Mar'),
	 (10025,'Cabral','80035-000','Curitiba','Loja Comercial','PR','3738','Av. João Gualberto');
INSERT INTO gaccidb.endereco (id,bairro,cep,cidade,complemento,estado,numero,rua) VALUES
	 (10026,'Centro','78030-000','Cuiabá','Galpão','MT','3940','Rua Barão de Melgaço'),
	 (10027,'São José','13050-000','Campinas','Sobrado','SP','4142','Av. Brasil Norte'),
	 (10028,'Paraíso','04030-000','São Paulo','Estúdio','SP','4344','Rua Cubatão'),
	 (10029,'Pinheiros','05400-000','São Paulo','Apto 72','SP','4545','Rua dos Pinheiros'),
	 (10030,'Ipanema','22410-000','Rio de Janeiro','Casa','RJ','4646','Rua Visconde de Pirajá'),
	 (10031,'Savassi','30120-000','Belo Horizonte','Prédio Comercial','MG','4747','Rua Antônio de Albuquerque'),
	 (10032,'Casa Forte','52060-000','Recife','Cobertura','PE','4848','Av. 17 de Agosto'),
	 (10033,'Setor Bueno','74150-000','Goiânia','Sobrado','GO','4949','Av. T-63'),
	 (10034,'Centro','90020-000','Porto Alegre','Apto 101','RS','5050','Av. Borges de Medeiros'),
	 (10035,'Batista Campos','66025-000','Belém','Kitnet','PA','5151','Rua Ó de Almeida');
INSERT INTO gaccidb.endereco (id,bairro,cep,cidade,complemento,estado,numero,rua) VALUES
	 (10036,'Lago Sul','71600-000','Brasília','Mansão','DF','5252','SHIS QI 21'),
	 (10037,'Jardim Goiás','74810-000','Goiânia','Casa Geminada','GO','5353','Av. Jamel Cecílio'),
	 (10038,'Praia do Canto','29055-000','Vitória','Loja Comercial','ES','5454','Rua Aleixo Neto'),
	 (10039,'Centro','59020-000','Natal','Apto 88','RN','5555','Av. Hermes da Fonseca'),
	 (10040,'Vila Nova Conceição','04547-000','São Paulo','Cobertura','SP','5656','Rua Afonso Braz'),
	 (10041,'Lapa','05075-000','São Paulo','Casa de Vila','SP','5757','Rua Clélia'),
	 (10042,'Centro','78040-000','Cuiabá','Prédio Histórico','MT','5858','Rua Presidente Marques'),
	 (10043,'Flamengo','22210-000','Rio de Janeiro','Apartamento Duplex','RJ','5959','Rua Paissandu'),
	 (10044,'Vila Olimpia','04547-000','São Paulo','Apto 23','SP','6161','Rua Funchal'),
	 (10045,'Lagoa','22470-000','Rio de Janeiro','Cobertura','RJ','6262','Rua Fonte da Saudade');
INSERT INTO gaccidb.endereco (id,bairro,cep,cidade,complemento,estado,numero,rua) VALUES
	 (10046,'Cidade Jardim','05600-000','São Paulo','Casa','SP','6363','Av. Cidade Jardim'),
	 (10047,'Centro','30130-000','Belo Horizonte','Prédio Comercial','MG','6464','Rua Rio de Janeiro'),
	 (10048,'Portão','80010-000','Curitiba','Sobrado','PR','6565','Av. República Argentina'),
	 (10049,'Meireles','60160-000','Fortaleza','Apto 204','CE','6666','Av. Beira Mar'),
	 (10050,'Setor Oeste','74110-000','Goiânia','Casa Geminada','GO','6767','Rua 7'),
	 (10051,'Centro','90020-000','Porto Alegre','Apto 303','RS','6868','Rua dos Andradas'),
	 (10052,'Marco','66095-000','Belém','Loja','PA','6969','Av. Almirante Barroso'),
	 (10053,'Centro','78050-000','Cuiabá','Prédio Administrativo','MT','7070','Rua Barão de Melgaço'),
	 (10054,'Praia do Suá','29052-000','Vitória','Conjunto Comercial','ES','7171','Rua Joaquim Lemos'),
	 (10055,'Centro','59030-000','Natal','Apto 55','RN','7272','Av. Bernardo Vieira');
INSERT INTO gaccidb.endereco (id,bairro,cep,cidade,complemento,estado,numero,rua) VALUES
	 (10056,'Centro','01500-000','São Paulo','Kitnet','SP','7373','Rua São Bento'),
	 (10057,'Centro','22060-000','Rio de Janeiro','Estúdio','RJ','7474','Rua Visconde de Pirajá'),
	 (10058,'Boa Vista','50000-000','Recife','Casa Histórica','PE','7575','Rua da Aurora'),
	 (10059,'Adrianópolis','69057-000','Manaus','Apto 101','AM','7676','Av. Mário Ypiranga'),
	 (10060,'Centro','69000-000','Manaus','Prédio Comercial','AM','7777','Av. Getúlio Vargas'),
	 (10061,'Batista Campos','66025-000','Belém','Cobertura','PA','7878','Rua São Raimundo'),
	 (10062,'Centro','29050-000','Vitória','Sobrado','ES','7979','Rua Desembargador José Vicente'),
	 (10063,'Centro','59040-000','Natal','Apartamento Duplex','RN','8080','Av. Senador Dinarte Mariz'),
	 (10064,'Vila Madalena','05420-000','São Paulo','Apto 44','SP','8181','Rua Harmonia'),
	 (10065,'Botafogo','22280-000','Rio de Janeiro','Cobertura','RJ','8282','Rua Voluntários da Pátria');
INSERT INTO gaccidb.endereco (id,bairro,cep,cidade,complemento,estado,numero,rua) VALUES
	 (10066,'Centro','30190-000','Belo Horizonte','Casa','MG','8383','Rua Espírito Santo'),
	 (10067,'Caminho das Árvores','41830-000','Salvador','Loja Comercial','BA','8484','Av. Tancredo Neves'),
	 (10068,'Centro','88020-000','Florianópolis','Sobrado','SC','8585','Av. Rio Branco'),
	 (10069,'Aldeota','60120-000','Fortaleza','Apto 305','CE','8686','Rua Barbosa de Freitas'),
	 (10070,'Jardim Goiás','74810-000','Goiânia','Casa Geminada','GO','8787','Av. Portugal'),
	 (10071,'Centro','90010-000','Porto Alegre','Apto 206','RS','8888','Av. Salgado Filho'),
	 (10072,'Jurunas','66025-000','Belém','Conjunto Residencial','PA','8989','Rua dos Caripunas'),
	 (10073,'Centro','78080-000','Cuiabá','Casa','MT','9090','Rua Comendador Henrique'),
	 (10074,'Praia da Costa','29101-000','Vila Velha','Apartamento Duplex','ES','9191','Rua Antônio Gil Veloso'),
	 (10075,'Petrópolis','59030-000','Natal','Cobertura','RN','9292','Av. Hermes da Fonseca');
INSERT INTO gaccidb.endereco (id,bairro,cep,cidade,complemento,estado,numero,rua) VALUES
	 (10076,'Centro','01550-000','São Paulo','Kitnet','SP','9393','Rua Direita'),
	 (10077,'Centro','22290-000','Rio de Janeiro','Estúdio','RJ','9494','Rua Real Grandeza'),
	 (10078,'Centro','50060-000','Recife','Casa Histórica','PE','9595','Rua do Imperador'),
	 (10079,'Centro','69030-000','Manaus','Apto 402','AM','9696','Av. Constantino Nery'),
	 (10080,'Centro','66040-000','Belém','Prédio Comercial','PA','9797','Av. Presidente Vargas'),
	 (10081,'Centro','29060-000','Vitória','Cobertura','ES','9898','Rua Sete de Setembro'),
	 (10082,'Centro','59050-000','Natal','Casa Geminada','RN','9999','Av. Coronel Estevam'),
	 (10083,'Itapuã','41610-000','Salvador','Bangalô','BA','10000','Rua K'),
	 (10084,'Santa Cecília','01230-000','São Paulo','Apto 102','SP','1010','Rua Dona Veridiana'),
	 (10085,'Leblon','22430-000','Rio de Janeiro','Cobertura','RJ','1111','Rua General Artigas');
INSERT INTO gaccidb.endereco (id,bairro,cep,cidade,complemento,estado,numero,rua) VALUES
	 (10086,'Funcionários','30110-000','Belo Horizonte','Casa','MG','1212','Rua Grão Mogol'),
	 (10087,'Pituba','41810-000','Salvador','Sala Comercial','BA','1313','Av. Manoel Dias'),
	 (10088,'Centro','88015-000','Florianópolis','Prédio Administrativo','SC','1414','Rua Felipe Schmidt'),
	 (10089,'Aldeota','60130-000','Fortaleza','Cobertura','CE','1515','Rua Beni de Carvalho'),
	 (10090,'Setor Bueno','74230-000','Goiânia','Apartamento Duplex','GO','1616','Rua T-38'),
	 (10091,'Moinhos de Vento','90560-000','Porto Alegre','Casa Geminada','RS','1717','Rua Padre Chagas'),
	 (10092,'Marco','66070-000','Belém','Sobrado','PA','1818','Rua São Raimundo'),
	 (10093,'Centro','78090-000','Cuiabá','Casa Histórica','MT','1919','Rua Comendador Henrique'),
	 (10094,'Jardim do Bosque','15997126','Matão',NULL,'SP','2839','Rua Otone Corrêa');
INSERT INTO gaccidb.habitacao (id,tipo_construcao,valor,pessoa_id) VALUES
	 (1,'CEDIDA',0.0,1),
	 (2,'CASAPROPRIA',0.0,2),
	 (3,'CASAPROPRIA',0.0,3),
	 (4,'FINANCIADA',0.0,100000);
INSERT INTO gaccidb.pessoa (id,cpf,escolaridade,estado_civil,nascimento,nome,renda_mensal,rg,telefone,endereco_id,entrevistador_id,ativo,remissao,datacadastro) VALUES
	 (1,'151.651.651-65','FUNDAMENTAL','SOLTEIRO','1984-08-30 00:00:00','Thaiza Bueno da Silva',30000.0,'15.175.165-1','(16) 19181-8181',1,NULL,1,NULL,'2025-05-21'),
	 (2,'000.120.120-20','SUPERIOR','DIVORCIADO','1984-01-14 00:00:00','José da Silva',34000.0,'00.012.012-0','(16) 92822-2722',2,NULL,1,NULL,'2025-04-05'),
	 (3,'000.001.201-20','FUNDAMENTAL','CASADO','2022-04-13 00:00:00','José Gomes Filho',5000.0,'00.001.020-1','(17) 91992-9199',3,NULL,1,NULL,'2025-05-15'),
	 (34,'98765432101','SUPERIOR','CASADO','1992-08-15 08:30:00','Rafael Oliveira',4200.0,'SP123987','(11)91123-4567',9999,NULL,1,0,'2025-04-09'),
	 (35,'87654321012','MEDIO','SOLTEIRO','1988-06-22 11:00:00','Mariana Costa',3100.5,'RJ987321','(21)92234-5678',10000,NULL,1,0,'2025-04-06'),
	 (36,'76543210923','FUNDAMENTAL','DIVORCIADO','1975-12-10 14:15:00','José Martins',2500.75,'MG654789','(31)93345-6789',10001,NULL,1,1,'2025-02-28'),
	 (37,'65432109834','MESTRADO','VIUVO','1980-07-25 16:10:00','Camila Rocha',5700.2,'PE321987','(81)94456-7890',10002,NULL,1,0,'2024-09-11'),
	 (38,'54321098745','POS_GRADUACAO','SOLTEIRO','1997-10-18 18:35:00','Lucas Santos',4800.3,'BA456321','(71)95567-8901',10003,NULL,1,0,'2024-08-28'),
	 (39,'43210987656','DOUTORADO','CASADO','1985-04-05 07:50:00','Beatriz Lima',6200.4,'SC789654','(48)96678-9012',10004,NULL,1,1,'2025-03-16'),
	 (40,'32109876567','SUPERIOR','DIVORCIADO','1990-09-15 12:25:00','Fernando Almeida',2900.6,'RS852741','(51)97789-0123',10005,NULL,1,0,'2025-01-30');
INSERT INTO gaccidb.pessoa (id,cpf,escolaridade,estado_civil,nascimento,nome,renda_mensal,rg,telefone,endereco_id,entrevistador_id,ativo,remissao,datacadastro) VALUES
	 (41,'21098765478','MEDIO','VIUVO','1970-03-20 19:40:00','Renata Melo',4500.8,'GO963852','(62)98890-1234',10006,NULL,1,0,'2024-06-13'),
	 (42,'10987654389','FUNDAMENTAL','SOLTEIRO','1996-05-15 09:05:00','Diego Ferreira',2800.9,'PE147258','(81)99901-2345',10007,NULL,1,1,'2024-09-02'),
	 (43,'09876543290','MESTRADO','CASADO','1983-01-08 15:30:00','Carla Silva',5900.0,'AM258369','(92)91112-3456',10008,NULL,1,0,'2024-09-04'),
	 (44,'45678912301','SUPERIOR','SOLTEIRO','1991-07-22 10:45:00','André Souza',3800.0,'SP789456','(11)92345-6789',10009,NULL,1,0,'2025-01-16'),
	 (45,'56789123412','MEDIO','CASADO','1984-02-10 08:30:00','Juliana Martins',4700.5,'RJ456789','(21)93456-7890',10010,NULL,1,0,'2024-11-07'),
	 (46,'67891234523','FUNDAMENTAL','DIVORCIADO','1973-09-05 11:15:00','Roberto Lima',2300.75,'MG654123','(31)94567-8901',10011,NULL,1,1,'2024-10-21'),
	 (47,'78912345634','MESTRADO','VIUVO','1967-11-25 14:00:00','Carla Santos',5400.2,'PE321654','(81)95678-9012',10012,NULL,1,0,'2025-02-20'),
	 (48,'89123456745','POS_GRADUACAO','SOLTEIRO','1999-05-18 13:50:00','Eduardo Almeida',3900.3,'BA987654','(71)96789-0123',10013,NULL,1,0,'2024-12-11'),
	 (49,'91234567856','DOUTORADO','CASADO','1981-08-30 08:25:00','Fernanda Ribeiro',6800.4,'SC369852','(48)97890-1234',10014,NULL,1,1,'2024-12-25'),
	 (50,'02345678967','SUPERIOR','DIVORCIADO','1976-10-05 12:10:00','Tiago Costa',3200.6,'RS741852','(51)98901-2345',10015,NULL,1,0,'2024-10-01');
INSERT INTO gaccidb.pessoa (id,cpf,escolaridade,estado_civil,nascimento,nome,renda_mensal,rg,telefone,endereco_id,entrevistador_id,ativo,remissao,datacadastro) VALUES
	 (51,'13456789078','MEDIO','VIUVO','1962-12-20 15:45:00','Vanessa Melo',4900.8,'GO852963','(62)99912-3456',10016,NULL,1,0,'2024-06-22'),
	 (52,'24567890189','FUNDAMENTAL','SOLTEIRO','1995-03-15 09:05:00','Leonardo Ferreira',2800.9,'PE159357','(81)91123-4567',10017,NULL,1,1,'2024-10-13'),
	 (53,'35678901290','MESTRADO','CASADO','1986-07-08 16:30:00','Sabrina Silva',5900.0,'AM258963','(92)92234-5678',10018,NULL,1,0,'2025-03-02'),
	 (54,'46789012301','SUPERIOR','DIVORCIADO','1978-04-12 12:50:00','Paulo Oliveira',3300.75,'SP369741','(11)93345-6789',10019,NULL,1,1,'2025-02-25'),
	 (55,'57890123412','MEDIO','VIUVO','1964-09-30 18:40:00','Amanda Costa',5100.2,'RJ456963','(21)94456-7890',10020,NULL,1,0,'2025-03-08'),
	 (56,'68901234523','POS_GRADUACAO','SOLTEIRO','1997-11-18 11:35:00','Felipe Santos',4900.3,'BA369852','(71)95567-8901',10021,NULL,1,0,'2024-11-22'),
	 (57,'23456789021','SUPERIOR','SOLTEIRO','1992-08-19 11:00:00','Rodrigo Nunes',4100.0,'SP741258','(11)92234-5678',10029,NULL,1,0,'2025-04-28'),
	 (58,'34567890132','MEDIO','CASADO','1983-05-12 08:15:00','Patrícia Azevedo',4600.5,'RJ258741','(21)93345-6789',10030,NULL,1,0,'2024-08-10'),
	 (59,'45678901243','FUNDAMENTAL','DIVORCIADO','1972-10-07 14:40:00','Lucas Mendes',2400.75,'MG369852','(31)94456-7890',10031,NULL,1,1,'2024-09-25'),
	 (60,'56789012354','MESTRADO','VIUVO','1968-09-30 16:55:00','Sandra Oliveira',5500.2,'PE852147','(81)95567-8901',10032,NULL,1,0,'2024-07-11');
INSERT INTO gaccidb.pessoa (id,cpf,escolaridade,estado_civil,nascimento,nome,renda_mensal,rg,telefone,endereco_id,entrevistador_id,ativo,remissao,datacadastro) VALUES
	 (61,'67890123465','POS_GRADUACAO','SOLTEIRO','1996-12-18 13:20:00','Leonardo Rocha',4000.3,'BA963741','(71)96678-9012',10033,NULL,1,0,'2025-02-05'),
	 (62,'78901234576','DOUTORADO','CASADO','1980-03-29 07:45:00','Beatriz Ribeiro',6700.4,'SC357951','(48)97789-0123',10034,NULL,1,1,'2024-07-31'),
	 (63,'89012345687','SUPERIOR','DIVORCIADO','1977-08-17 12:30:00','Fernando Gomes',3000.6,'RS468952','(51)98890-1234',10035,NULL,1,0,'2025-04-11'),
	 (64,'90123456798','MEDIO','VIUVO','1963-04-11 19:10:00','Amanda Souza',5200.8,'GO741963','(62)99901-2345',10036,NULL,1,0,'2025-04-22'),
	 (65,'01234567809','FUNDAMENTAL','SOLTEIRO','1994-07-06 09:35:00','Carlos Fernandes',2900.9,'PE852147','(81)91112-3456',10037,NULL,1,1,'2024-05-18'),
	 (66,'12345678910','MESTRADO','CASADO','1985-02-23 15:00:00','Gabriela Lima',5800.0,'AM369741','(92)92234-5678',10038,NULL,1,0,'2024-08-23'),
	 (67,'23456789011','SUPERIOR','DIVORCIADO','1979-06-15 11:45:00','Rafael Martins',3300.75,'SP963852','(11)93345-6789',10039,NULL,1,1,'2024-10-02'),
	 (68,'34567890122','MEDIO','VIUVO','1965-11-28 18:50:00','Juliana Costa',5100.2,'RJ258963','(21)94456-7890',10040,NULL,1,0,'2024-07-02'),
	 (69,'45678901233','POS_GRADUACAO','SOLTEIRO','1998-09-10 12:10:00','Felipe Santos',4900.3,'BA741258','(71)95567-8901',10041,NULL,1,0,'2024-12-01'),
	 (70,'09876543210','SUPERIOR','CASADO','1993-08-17 09:15:00','Rodrigo Nunes',4200.0,'SP741258','(11)92345-6789',10044,NULL,1,0,'2024-06-06');
INSERT INTO gaccidb.pessoa (id,cpf,escolaridade,estado_civil,nascimento,nome,renda_mensal,rg,telefone,endereco_id,entrevistador_id,ativo,remissao,datacadastro) VALUES
	 (71,'10987654321','MEDIO','SOLTEIRO','1986-05-24 08:45:00','Patrícia Azevedo',4600.5,'RJ258741','(21)93456-7890',10045,NULL,1,0,'2024-05-20'),
	 (72,'21098765432','FUNDAMENTAL','DIVORCIADO','1979-10-14 13:30:00','Lucas Mendes',2400.75,'MG369852','(31)94567-8901',10046,NULL,1,1,'2025-03-19'),
	 (73,'32109876543','MESTRADO','VIUVO','1972-12-28 16:50:00','Sandra Oliveira',5500.2,'PE852147','(81)95678-9012',10047,NULL,1,0,'2025-05-05'),
	 (74,'43210987654','POS_GRADUACAO','SOLTEIRO','1997-06-10 12:25:00','Leonardo Rocha',4000.3,'BA963741','(71)96789-0123',10048,NULL,1,0,'2025-05-01'),
	 (75,'54321098765','DOUTORADO','CASADO','1984-02-27 07:55:00','Beatriz Ribeiro',6700.4,'SC357951','(48)97890-1234',10049,NULL,1,1,'2024-10-13'),
	 (76,'65432109876','SUPERIOR','DIVORCIADO','1976-09-01 12:35:00','Fernando Gomes',3000.6,'RS468952','(51)98901-2345',10050,NULL,1,0,'2024-06-04'),
	 (77,'76543210987','MEDIO','VIUVO','1963-04-08 19:55:00','Amanda Souza',5200.8,'GO741963','(62)99912-3456',10051,NULL,1,0,'2024-10-11'),
	 (78,'87654321098','FUNDAMENTAL','SOLTEIRO','1995-07-13 09:45:00','Carlos Fernandes',2900.9,'PE852147','(81)91123-4567',10052,NULL,1,1,'2024-08-11'),
	 (79,'98765432109','MESTRADO','CASADO','1986-02-16 14:20:00','Gabriela Lima',5800.0,'AM369741','(92)92234-5678',10053,NULL,1,0,'2024-09-23'),
	 (80,'19876543210','SUPERIOR','CASADO','1993-07-17 09:15:00','Rodrigo Nunes',4200.0,'SP741258','(11)92345-6789',10064,NULL,1,0,'2024-10-25');
INSERT INTO gaccidb.pessoa (id,cpf,escolaridade,estado_civil,nascimento,nome,renda_mensal,rg,telefone,endereco_id,entrevistador_id,ativo,remissao,datacadastro) VALUES
	 (81,'20987654321','MEDIO','SOLTEIRO','1986-06-24 08:45:00','Patrícia Azevedo',4600.5,'RJ258741','(21)93456-7890',10065,NULL,1,0,'2024-11-20'),
	 (82,'31098765432','FUNDAMENTAL','DIVORCIADO','1979-09-14 13:30:00','Lucas Mendes',2400.75,'MG369852','(31)94567-8901',10066,NULL,1,1,'2024-12-29'),
	 (83,'42109876543','MESTRADO','VIUVO','1972-11-28 16:50:00','Sandra Oliveira',5500.2,'PE852147','(81)95678-9012',10067,NULL,1,0,'2024-04-22'),
	 (84,'53210987654','POS_GRADUACAO','SOLTEIRO','1997-05-10 12:25:00','Leonardo Rocha',4000.3,'BA963741','(71)96789-0123',10068,NULL,1,0,'2024-07-21'),
	 (85,'64321098765','DOUTORADO','CASADO','1984-01-27 07:55:00','Beatriz Ribeiro',6700.4,'SC357951','(48)97890-1234',10069,NULL,1,1,'2024-11-07'),
	 (86,'75432109876','SUPERIOR','DIVORCIADO','1976-08-01 12:35:00','Fernando Gomes',3000.6,'RS468952','(51)98901-2345',10070,NULL,1,0,'2024-08-08'),
	 (87,'86543210987','MEDIO','VIUVO','1963-03-08 19:55:00','Amanda Souza',5200.8,'GO741963','(62)99912-3456',10071,NULL,1,0,'2024-06-14'),
	 (88,'97654321098','FUNDAMENTAL','SOLTEIRO','1995-06-13 09:45:00','Carlos Fernandes',2900.9,'PE852147','(81)91123-4567',10072,NULL,1,1,'2025-01-14'),
	 (89,'08765432109','MESTRADO','CASADO','1986-01-16 14:20:00','Gabriela Lima',5800.0,'AM369741','(92)92234-5678',10073,NULL,1,0,'2024-11-27'),
	 (90,'12345678910','SUPERIOR','CASADO','1994-09-18 08:50:00','Rodrigo Nunes',4200.0,'SP741258','(11)92345-6789',10084,NULL,1,0,'2024-04-06');
INSERT INTO gaccidb.pessoa (id,cpf,escolaridade,estado_civil,nascimento,nome,renda_mensal,rg,telefone,endereco_id,entrevistador_id,ativo,remissao,datacadastro) VALUES
	 (91,'23456789021','MEDIO','SOLTEIRO','1987-06-12 07:45:00','Patrícia Azevedo',4600.5,'RJ258741','(21)93456-7890',10085,NULL,1,0,'2024-04-06'),
	 (92,'34567890132','FUNDAMENTAL','DIVORCIADO','1981-10-20 13:10:00','Lucas Mendes',2400.75,'MG369852','(31)94567-8901',10086,NULL,1,1,'2025-05-11'),
	 (93,'45678901243','MESTRADO','VIUVO','1972-08-15 16:55:00','Sandra Oliveira',5500.2,'PE852147','(81)95678-9012',10087,NULL,1,0,'2025-05-06'),
	 (94,'56789012354','POS_GRADUACAO','SOLTEIRO','1998-05-30 12:25:00','Leonardo Rocha',4000.3,'BA963741','(71)96789-0123',10088,NULL,1,0,'2024-04-27'),
	 (95,'67890123465','DOUTORADO','CASADO','1985-01-27 07:55:00','Beatriz Ribeiro',6700.4,'SC357951','(48)97890-1234',10089,NULL,1,1,'2024-04-29'),
	 (96,'78901234576','SUPERIOR','DIVORCIADO','1977-06-01 12:35:00','Fernando Gomes',3000.6,'RS468952','(51)98901-2345',10090,NULL,1,0,'2024-04-30'),
	 (97,'89012345687','MEDIO','VIUVO','1963-03-08 19:55:00','Amanda Souza',5200.8,'GO741963','(62)99912-3456',10091,NULL,1,0,'2024-04-05'),
	 (98,'90123456798','FUNDAMENTAL','SOLTEIRO','1995-06-13 09:45:00','Carlos Fernandes',2900.9,'PA852147','(91)91123-4567',10092,NULL,1,1,'2024-04-25'),
	 (99,'01234567809','MESTRADO','CASADO','1986-02-16 14:20:00','Gabriela Lima',5800.0,'MT369741','(65)92234-5678',10093,NULL,1,0,'2024-04-17'),
	 (100000,'000.001.201-20','FUNDAMENTAL','SOLTEIRO','1919-08-31 03:00:00','José Gomes Filho',200.0,'00.001.020-1','(17) 91992-9199',10094,NULL,1,NULL,'2025-05-23');
INSERT INTO gaccidb.saude (id,descricao,diagnostico,funeral,inss,outra,providencia,pessoa_id) VALUES
	 (1,'',NULL,1,0,0,NULL,1),
	 (2,'',NULL,1,1,0,NULL,2),
	 (3,'',NULL,1,0,0,NULL,3),
	 (4,'',NULL,0,0,0,NULL,100000);
INSERT INTO gaccidb.users (id,password,`role`,username) VALUES
	 (1,'admin','admin','admin');
